TC,Responsable
TC-M01-001,Juan Manuel
TC-M01-002,Juan Manuel
TC-M01-003,Juan Manuel
TC-M01-004,Juan Manuel
TC-M01-005,Juan Manuel
TC-M01-006,Juan Manuel
TC-M01-007,Juan Manuel
TC-M01-008,Juan Manuel
TC-M01-009,Juan Manuel
TC-M01-010,Juan Manuel
TC-M01-011,Sebastian
TC-M01-012,Juan Manuel
TC-M01-013,Juan Manuel
TC-M01-014,Juan Manuel
TC-M01-015,Juan Manuel
TC-M01-016,Juan Manuel
TC-M01-017,Juan Manuel
TC-M01-018,Juan Manuel
TC-M01-019,Juan Manuel
TC-M01-020,Juan Manuel
TC-M01-021,Juan Manuel
TC-M01-022,Juan Manuel
TC-M01-023,Sebastian
TC-M01-024,Juan Manuel
TC-M01-025,Juan Manuel
TC-M01-026,Juan Manuel
TC-M01-027,Juan Manuel
TC-M01-028,Juan Manuel
TC-M01-030,Daniela Castillo
TC-M01-031,Daniela Castillo
TC-M01-032,Daniela Castillo
TC-M01-033,Daniela Castillo
TC-M01-034,Sebastian
TC-M01-035,Daniela Castillo
TC-M01-036,Daniela Castillo
TC-M01-037,Daniela Castillo
TC-M01-038,Daniela Castillo
TC-M01-039,Daniela Castillo
TC-M01-040,Daniela Castillo
TC-M01-041,Daniela Castillo
TC-M01-042,Daniela Castillo
TC-M01-043,Daniela Castillo
TC-M01-044,Daniela Castillo
TC-M01-045,Daniela Castillo
TC-M01-046,Daniela Castillo
TC-M01-047,Daniela Castillo
TC-M01-048,Daniela Castillo
TC-M01-049,Daniela Castillo
TC-M01-050,Daniela Castillo
TC-M01-051,Daniela Castillo
TC-M01-052,Daniela Castillo
TC-M01-053,Daniela Castillo
TC-M01-054,Daniela Castillo
TC-M01-055,Daniela Castillo
TC-M01-056,Sebastian
TC-M01-057,Daniela Castillo
TC-M01-058,Daniela Castillo
TC-M01-059,Daniela Castillo
TC-M01-060,Juan Hernando
TC-M01-061,Laura Lopez
TC-M01-062,Laura Lopez
TC-M01-063,Laura Lopez
TC-M01-064,Laura Lopez
TC-M01-065,Laura Lopez
TC-M01-066,Laura Lopez
TC-M01-067,Laura Lopez
TC-M01-068,Laura Lopez
TC-M01-069,Laura Lopez
TC-M01-070,Laura Lopez
TC-M01-071,Laura Lopez
TC-M01-072,Laura Lopez
TC-M01-073,Laura Lopez
TC-M01-074,Laura Lopez
TC-M01-075,Juan Manuel
TC-M01-076,Juan Manuel
TC-M01-077,Juan Manuel
TC-M01-078,Juan Manuel
TC-M01-079,Juan Parra
TC-M01-080,Juan Parra
TC-M01-081,Juan Manuel
TC-M01-082,Juan Parra
TC-M01-083,Juan Parra
TC-M01-084,Juan Parra
TC-M01-085,Juan Hernando
TC-M01-086,Sebastian
TC-M01-087,Sebastian
TC-M01-088,Juan Hernando
TC-M01-089,Sebastian
TC-M01-090,Daniela Castillo
TC-M01-091,Juan Hernando
TC-M01-092,Daniela Castillo
TC-M01-093,Daniela Castillo
TC-M01-094,Daniela Castillo
TC-M01-095,Daniela Castillo
TC-M01-096,Daniela Castillo
TC-M01-097,Daniela Castillo
TC-M01-098,Sebastian
TC-M01-099,Sebastian
TC-M01-100,Sebastian
TC-M01-101,Juan Hernando
TC-M01-102,Sebastian
TC-M01-103,Sebastian
TC-M01-104,Sebastian
TC-M01-105,Laura Lopez
TC-M01-106,Sebastian
TC-M01-107,Sebastian
TC-M01-108,Sebastian
TC-M01-109,Sebastian
TC-M01-110,Juan Parra
TC-M01-111,Daniela Castillo
TC-M01-112,Daniela Castillo
TC-M01-113,Daniela Castillo
TC-M01-114,Laura Lopez
TC-M01-115,Laura Lopez
TC-M01-116,Laura Lopez
TC-M01-117,Laura Lopez
TC-M01-118,Laura Lopez
TC-M01-119,Laura Lopez
TC-M01-120,Laura Lopez
TC-M01-121,Laura Lopez
TC-M01-122,Laura Lopez
TC-M01-123,Laura Lopez
TC-M01-124,Laura Lopez
TC-M01-125,Laura Lopez
TC-M01-126,Sebastian
TC-M01-127,Laura Lopez
TC-M01-128,Laura Lopez
TC-M01-129,Laura Lopez
TC-M01-130,Sebastian
TC-M01-131,Laura Lopez
TC-M01-132,Laura Lopez
TC-M01-133,Laura Lopez
TC-M01-134,Laura Lopez
TC-M01-135,Laura Lopez
TC-M01-136,Laura Lopez
TC-M01-137,Laura Lopez
TC-M01-138,Laura Lopez
TC-M01-139,Laura Lopez
TC-M01-140,Laura Lopez
TC-M01-141,Laura Lopez
TC-M01-142,Laura Lopez
TC-M09-G01,Sebastian
TC-M09-G02,Sebastian
TC-M09-G106,Daniela Castillo
TC-M09-G108,Daniela Castillo
TC-M09-G109,Daniela Castillo
TC-M09-G111,Daniela Castillo
TC-M09-G112,Daniela Castillo
TC-M09-G113,Daniela Castillo
TC-M09-G114,Daniela Castillo
TC-M09-G115,Daniela Castillo
TC-M09-G118,Daniela Castillo
TC-M09-G119,Daniela Castillo
TC-M09-G120,Daniela Castillo
TC-M09-G121,Daniela Castillo
TC-M09-G122,Daniela Castillo
TC-M09-G124,Daniela Castillo
TC-M09-G03,Sebastian
TC-M09-G04,Sebastian
TC-M09-G05,Sebastian
TC-M09-G06,Sebastian
TC-M09-G07,Sebastian
TC-M09-G08,Sebastian
TC-M09-G09,Sebastian
TC-M09-G10,Sebastian
TC-M09-G11,Sebastian
TC-M09-G12,Sebastian
TC-M09-G13,Sebastian
TC-M09-G14,Sebastian
TC-M09-G15,Sebastian
TC-M09-G16,Sebastian
TC-M09-G17,Sebastian
TC-M09-G18,Sebastian
TC-M09-G19,Sebastian
TC-M09-G20,Sebastian
TC-M09-G21,Sebastian
TC-M09-G22,Juan Esteban
TC-M09-G23,Juan Esteban
TC-M09-G24,Juan Esteban
TC-M09-G25,Juan Esteban
TC-M09-G26,Juan Esteban
TC-M09-G27,Juan Esteban
TC-M09-G28,Juan Esteban
TC-M09-G29,Juan Esteban
TC-M09-G30,Juan Esteban
TC-M09-G31,Juan Esteban
TC-M09-G32,Juan Esteban
TC-M09-G33,Juan Manuel
TC-M09-G34,Juan Manuel
TC-M09-G35,Juan Manuel
TC-M09-G36,Juan Manuel
TC-M09-G37,Juan Manuel
TC-M09-G38,Juan Manuel
TC-M09-G39,Juan Manuel
TC-M09-G40,Juan Manuel
TC-M09-G41,Juan Manuel
TC-M09-G42,Juan Manuel
TC-M09-G43,Juan Manuel
TC-M09-G44,Juan Manuel
TC-M09-G45,Juan Manuel
TC-M09-G46,Juan Manuel
TC-M09-G47,Juan Manuel
TC-M09-G48,Juan Manuel
TC-M09-G49,Juan Manuel
TC-M09-G50,Juan Manuel
TC-M09-G51,Juan Manuel
TC-M09-G52,Juan Manuel
TC-M09-G53,Juan Manuel
TC-M09-G54,Juan Manuel
TC-M09-G55,Juan Pablo
TC-M09-G56,Juan Pablo
TC-M09-G57,Juan Pablo
TC-M09-G58,Juan Pablo
TC-M09-G59,Juan Pablo
TC-M09-G60,Juan Pablo
TC-M09-G61,Juan Pablo
TC-M09-G62,Juan Pablo
TC-M09-G63,Juan Pablo
TC-M09-G64,Juan Pablo
TC-M09-G65,Juan Pablo
TC-M09-G66,Juan Pablo
TC-M09-G67,Juan Pablo
TC-M09-G68,Juan Pablo
TC-M09-G69,Juan Pablo
TC-M09-G70,Juan Pablo
TC-M09-G71,Juan Pablo
TC-M09-G72,Juan Pablo
TC-M09-G73,Juan Pablo
TC-M09-G74,Juan Esteban
TC-M09-G75,Juan Esteban
TC-M09-G76,Juan Esteban
TC-M09-G77,Juan Esteban
TC-M09-G79,Juan Esteban
TC-M09-G80,Juan Esteban
TC-M09-G81,Laura Lopez
TC-M09-G82,Laura Lopez
TC-M09-G83,Laura Lopez
TC-M09-G84,Laura Lopez
TC-M09-G85,Laura Lopez
TC-M09-G86,Laura Lopez
TC-M09-G87,Laura Lopez
TC-M09-G88,Laura Lopez
TC-M09-G89,Laura Lopez
TC-M09-G90,Laura Lopez
TC-M09-G91,Laura Lopez
TC-M09-G92,Laura Lopez
TC-M09-G93,Laura Lopez
TC-M09-G94,Laura Lopez
TC-M09-G95,Laura Lopez
TC-M09-G96,Laura Lopez
TC-M09-G97,Laura Lopez
TC-M09-G98,Laura Lopez
TC-M09-G99,Laura Lopez
TC-M09-G100,Laura Lopez
TC-M09-G101,Laura Lopez
TC-M09-G102,Laura Lopez
TC-M09-G103,Laura Lopez
TC-M09-G104,Daniela Castillo
TC-M09-G105,Daniela Castillo
TC-M09-G107,Daniela Castillo
TC-M09-G110,Daniela Castillo
TC-M09-G116,Daniela Castillo
TC-M09-G117,Daniela Castillo
TC-M09-G123,Daniela Castillo
TC-M09-G125,Juan Pablo
TC-M09-G126,Juan Pablo
TC-M09-G127,Juan Pablo
TC-M09-G128,Juan Pablo
TC-M09-G129,Juan Pablo
TC-M02-G01,Laura Lopez
TC-M02-G02,Laura Lopez
TC-M02-G03,Daniela Castillo
TC-M02-G04,Daniela Castillo
TC-M02-G05,Daniela Castillo
TC-M02-G06,Daniela Castillo
TC-M02-G07,Juan Pablo
TC-M02-G08,Laura Lopez
TC-M02-G09,Laura Lopez
TC-M02-G10,Laura Lopez
TC-M02-G11,Laura Lopez
TC-M02-G12,Laura Lopez
TC-M02-G13,Laura Lopez
TC-M02-G14,Laura Lopez
TC-M02-G15,Laura Lopez
TC-M02-G16,Laura Lopez
TC-M02-G17,Laura Lopez
TC-M02-G18,Laura Lopez
TC-M02-G19,Laura Lopez
TC-M02-G20,Juan Manuel
TC-M02-G21,Juan Manuel
TC-M02-G22,Juan Manuel
TC-M02-G23,Juan Manuel
TC-M02-G24,Sebastian
TC-M02-G25,Sebastian
TC-M02-G26,Sebastian
TC-M02-G27,Sebastian
TC-M02-G28,Sebastian
TC-M02-G29,Sebastian
TC-M02-G30,Sebastian
TC-M02-G31,Sebastian
TC-M02-G32,Sebastian
TC-M02-G33,Juan Manuel
TC-M02-G34,Juan Manuel
TC-M02-G35,Daniela Castillo
TC-M02-G36,Daniela Castillo
TC-M02-G37,Daniela Castillo
TC-M02-G38,Daniela Castillo
TC-M02-G39,Juan Manuel
TC-M02-G40,Juan Manuel
TC-M02-G41,Juan Manuel
TC-M02-G42,Juan Manuel
TC-M02-G43,Juan Esteban
TC-M02-G44,Juan Esteban
TC-M02-G45,Juan Esteban
TC-M02-G46,Juan Esteban
TC-M02-G47,Juan Esteban
TC-M02-G48,Juan Esteban
TC-M02-G49,Daniela Castillo
TC-M02-G50,Daniela Castillo
TC-M02-G51,Daniela Castillo
TC-M02-G52,Daniela Castillo
TC-M02-G53,Juan Pablo
TC-M02-G54,Juan Pablo
TC-M02-G55,Juan Pablo
TC-M02-G56,Juan Pablo
TC-M02-G57,Juan Pablo
TC-M02-G58,Juan Pablo
TC-M02-G59,Juan Pablo
TC-M02-G60,Juan Pablo
TC-M02-G61,Juan Pablo
TC-M02-G62,Juan Pablo
TC-M02-G63,Juan Pablo
TC-M02-G64,Juan Pablo
TC-M02-G65,Juan Pablo
TC-M02-G66,Daniela Castillo
TC-M02-G67,Juan Pablo
TC-M02-G68,Juan Pablo
TC-M02-G69,Juan Pablo
TC-M02-G70,Juan Pablo
TC-M02-G71,Juan Pablo
TC-M02-G72,Sebastian
TC-M02-G73,Sebastian
TC-M02-G74,Sebastian
TC-M02-G75,Sebastian
TC-M02-G76,Sebastian
TC-M02-G77,Juan Manuel
TC-M02-G78,Juan Manuel
TC-M02-G79,Juan Esteban
TC-M02-G80,Juan Esteban
TC-M02-G81,Juan Esteban
TC-M02-G82,Juan Esteban
TC-M02-G83,Juan Esteban
TC-M02-G84,Sebastian
TC-M02-G85,Sebastian
TC-M02-G86,Sebastian
TC-M02-G87,Sebastian
TC-M02-G88,Sebastian
TC-M02-G89,Sebastian
TC-M02-G90,Sebastian
TC-M02-G91,Sebastian
TC-M02-G92,Juan Esteban
TC-M02-G93,Juan Esteban
TC-M02-G94,Juan Esteban
TC-M02-G95,Juan Esteban
TC-M02-G96,Juan Esteban
TC-M02-G97,Juan Esteban
TC-M02-G98,Juan Pablo
TC-M02-G99,Juan Pablo
TC-M02-G100,Juan Pablo
TC-M02-G101,Juan Pablo
TC-M02-G102,Juan Pablo
TC-M02-G103,Juan Pablo
TC-M02-G104,Juan Pablo
TC-M02-G105,Juan Pablo
TC-M02-G106,Juan Pablo
TC-M02-G107,Juan Pablo
TC-M02-G108,Juan Pablo
TC-M02-G109,Maria Jose
TC-M09-G130,Maria Jose
TC-M02-G110,Maria Jose
TC-M02-G111,Maria Jose
TC-M02-G112,Maria Jose
TC-M02-G113,Maria Jose
TC-M09-G133,Juan Pablo
TC-M09-G136,Juan Pablo
TC-M09-G140,Juan Pablo
TC-M09-G143,Juan Pablo
TC-M09-109,Juan Pablo
TC-M09-111,Juan Pablo
TC-M03-269,Juan Pablo
TC-M03-270,Juan Pablo
TC-M03-273,Juan Pablo
TC-M03-275,Juan Pablo
TC-M03-276,Juan Pablo
TC-M03-277,Juan Pablo
TC-M03-278,Juan Pablo
TC-M03-279,Juan Pablo
TC-M03-280,Juan Pablo
TC-M09-G131,Juan Pablo
TC-M09-G132,Juan Pablo
TC-M09-G135,Juan Pablo
TC-M09-G134,Juan Pablo
TC-M09-G137,Juan Pablo
TC-M09-G138,Juan Pablo
TC-M09-G139,Juan Pablo
TC-M09-G141,Juan Pablo
TC-M09-G142,Juan Pablo
TC-M09-106,Juan Pablo
TC-M09-108,Juan Pablo
TC-M09-113,Juan Pablo
TC-M09-114,Juan Pablo
TC-M09-119,Juan Pablo
TC-M09-120,Juan Pablo
TC-M09-121,Juan Pablo
TC-M09-122,Juan Pablo
TC-M09-124,Juan Pablo
TC-M03-G036,Juan Pablo
TC-M03-272,Juan Pablo
TC-M03-274,Juan Pablo
