TC,Estado,Nota
TC-M01-052,Aprobado,"Extension de TC-M01-053 (misma frontera de expiracion de token de recuperacion, 15 min) -- confirmado por Daniela Castillo: mismo caso, mismo resultado, sin necesidad de ejecucion separada. Evidencia real de la verificacion equivalente en RF-09/TC-M01-053/resultado-mariajose-final.json (05/09/26)."
TC-M09-G022,Aprobado,"Reevaluacion V2 (14-sep-2026, corrida por QA/MJ) en EvaluacionV2/RESULTADOS/G22-REEVAL-V2-20260914-171827/TC-M09-G22_reevaluacion_V2.md. Los 4 originales (TC-M09-46/47/48/49) APROBADOS: HTTP 201 y persistencia confirmada en 4 combinaciones especie-variable distintas. El defecto V1 (HTTP 500 ERROR_INTERNO, QA-JE-G22-01, bug de ENUM+insertmanyvalues) ya no se reproduce, corregido en backend (PR #146). El scanner no entra a subcarpetas EvaluacionV2/RESULTADOS, por eso sigue mostrando el veredicto V1 (Rechazado)."
TC-M09-G024,Aprobado,"Reevaluacion V2 (13-sep-2026, Juan Esteban) en EvaluacionV2/RESULTADOS/G24-REEVAL-V2-20260913-012209/TC-M09-G24_reevaluacion_V2.md. Los 3 originales (TC-M09-52/53/54) APROBADOS. El defecto original (HTTP 500, QA-JE-G22-01) fue corregido en backend (PR #146) y verificado. El scanner no entra a subcarpetas EvaluacionV2/RESULTADOS, por eso sigue mostrando el veredicto V1 (Rechazado)."
TC-M09-G028,Aprobado,"Reevaluacion V2 (14-sep-2026, corrida por QA/MJ) en EvaluacionV2/RESULTADOS/G28-REEVAL-V2-20260914-172556/TC-M09-G28_reevaluacion_V2.md. TC-M09-60 APROBADO: creacion de umbral valido devuelve HTTP 201 con precision Decimal exacta confirmada contra PostgreSQL (mismo defecto QA-JE-G22-01, ya corregido). TC-M09-61 APROBADO: persistencia entre sesiones confirmada con logout real por la interfaz (Cypress) + API. V1 (DESAPROBADO por TC-M09-60) queda superado por esta reevaluacion."
TC-M09-G075,Aprobado,"Veredicto APROBADO en RESULTADOS/run-20260906/TC-M09-G75_resultado.md (Juan Esteban). Los 4 originales (TC-M09-142/143/144/145) APROBADOS: limites tecnicos inclusivos aceptados, valores fuera de rango y no numericos rechazados con 400, sin persistencia. El scanner marca Rechazado porque toma newman-TC-M09-145-vacio.html (1 assertion fallida por un typo de comparacion de la propia prueba QA, ya corregido y confirmado 15/15 en el reintento no-numerico); no es un defecto de producto."
TC-M09-G079,Aprobado,"Veredicto APROBADO en RESULTADOS/run-20260906/TC-M09-G79_resultado.md (Juan Esteban). Ante fallo controlado en la persistencia de auditoria el producto hace rollback, no deja datos parciales y devuelve el error de trazabilidad HTTP 500 que RF-24 exige. 13/13 pytest OK; el JUnit XML no lo lee el escaneo."
TC-M09-G038,Aprobado,"Estado: PASA en Resultados/TC-M09-G38-resultados.md (Juan Manuel). 2/2 pytest OK: rollback ante fallo de auditoria en ActualizarConfiguracionUseCase revierte la modificacion de parametros (RF-18); control de modificacion exitosa persiste y deja registro de auditoria. Solo hay .md de resultado, sin reporte en formato reconocido por el escaneo."
TC-M09-G039,Aprobado,"Estado: PASA en Resultados/TC-M09-G39-resultados.md (Juan Manuel). 1/1 pytest OK: segunda actualizacion concurrente sobre la misma configuracion se rechaza con 412 CONFLICTO_CONCURRENCIA sin alterar el estado (RF-18, FA-14). Solo hay .md de resultado, sin reporte en formato reconocido por el escaneo."
TC-M02-G042,Aprobado,"Estado general: PASS -- 10/10 tests en RESULTADOS/TC-M02-G42_resultado.md (Juan Manuel), pytest contra backend y BD de TEST reales. Confirma inmutabilidad de eventos (RF-39): no existe endpoint de edicion/eliminacion (5 rutas probadas, todas 404) y el evento persiste igual en BD. Solo hay .md de resultado, sin reporte en formato reconocido por el escaneo."
TC-M02-G078,Aprobado,"Estado general: PASS -- 4/4 tests en RESULTADOS/TC-M02-G78_resultado.md (Juan Manuel). TC-M02-131 (control de acceso a ficha integral sin permisos, 403) PASS de seguridad genuino; TC-M02-132 (accesos directos por rol) tambien PASS, documentando un bloqueo ya conocido (no es el foco del caso). Solo hay .md de resultado, sin reporte en formato reconocido por el escaneo."
TC-M01-040,Aprobado,"Reevaluacion V2 (14-sep-2026, QA/MJ) en RF-08/TC-M01-40/EvaluacionV2/RESULTADOS/TC-M01-40_reevaluacion_V2.md. Falso positivo confirmado: el paso manual 'pegar el token del correo' nunca se hizo en V1, quedo el placeholder PEGAR_AQUI_EL_TOKEN_DEL_CORREO. Reejecutado con token real (correo real revisado por el usuario): solicitar recuperacion 202, restablecer con token real 200, login con contrasena nueva 200, notificaciones de recuperacion y restablecimiento presentes. No es defecto de producto."
TC-M01-094,Aprobado,"Reevaluacion V2 (14-sep-2026, QA/MJ) en RF-14/TC-M01-94/EvaluacionV2/RESULTADOS/V2-20260914-192653/TC-M01-94_reevaluacion_V2.md. Falso positivo confirmado: V1 uso una cuenta con estado sucio de una prueba anterior. Reejecutado con cuenta limpia en origen: el mecanismo central de RF-14 (bloqueo tras 5 intentos fallidos, codigo CUENTA_BLOQUEADA) responde correctamente (paso 6 PASS). El paso 7 (verificar notificacion por canal interno) sigue fallando pero por un hueco de diseno de la propia prueba (necesita esperar el cooldown de 15 min y loguear de nuevo antes de consultar notificaciones), no por defecto de producto."
TC-M01-050,Aprobado,"Falso positivo confirmado (14-sep-2026, QA/MJ), reejecutado con token real (correo real revisado por el usuario, cuenta id_usuario=45): restablecer con token real 200, contrasena anterior ya no funciona 401, contrasena nueva funciona 200. El 422 original era el rate-limit de 3/hora por IP en solicitar_recuperacion_use_case.py, documentado en la propia asercion original ('si sale 422, espera y reintenta'). Investigacion adicional (solo lectura de codigo, sin alterar nada): la aparente falta de notificacion en corridas repetidas es VENTANA_ANTI_SPAM_MINUTOS=5 en src/shared/notificacion_service.py, mecanismo anti-spam intencional y documentado, no un defecto. Sin incidencias que reportar."
TC-M01-091,Aprobado,"Reevaluacion V2 (15-sep-2026, QA/MJ) en RF-14/TC-M01-091/EvaluacionV2/RESULTADOS/TC-M01-091/TC-M01-091_reevaluacion_V2.md. Falso positivo de ambiente confirmado: V1 apuntaba a localhost (no disponible). Reejecutado contra TEST real: 1/1 passing, bandeja interna muestra 'Cambio de contrasena' correctamente. No depende del bug de refresh token (no hace cy.visit tras login), asi que no se ve afectado por el defecto de TC-M01-088."
TC-M01-088,Rechazado,"Reevaluado (15-sep-2026, QA/MJ) contra TEST real en RF-13/TC-M01-088/EvaluacionV2/RESULTADOS/TC-M01-088_reevaluacion_V2.md. El 403 original (localhost) NO era la causa real: reejecutado contra TEST se encontro un defecto real y reproducible (tambien por curl, fuera de Cypress): POST /sesiones/refresh devuelve 500 AUDITORIA_OBLIGATORIA_FALLIDA siempre. Causa raiz confirmada por lectura de BD: el tipo_evento=23 (REFRESH_TOKEN_ROTADO) usado en refresh_token_use_case.py no existe en modulo1.tipos_eventos (el catalogo salta de 22 a 25). Rompe la renovacion silenciosa de sesion para todos los usuarios. Reportar a Desarrollo Backend: sembrar la fila faltante id=23 (y revisar 24) en modulo1.tipos_eventos."
TC-M09-G086,Aprobado,"Aprobado por la reejecucion final. El intento 1 (13-sep-2026 23:57, TC-M09-G86_rev1_dev_intento1_coleccion.html) fallo por precondicion (la finca 6 ya tenia identidad visual: 409/412 en cascada, 16 de 27 aserciones) y es el que el panel mostraba; el intento siguiente (23:58, TC-M09-G86_rev1_dev.html) paso 31/31. Revision 21-sep-2026 (QA/MJ)."
TC-M09-G083,Pendiente,"Pendiente: caso mal armado, no defecto del producto. La coleccion usa el JWT real de ingeniero@pecuaria.co (rol 4) y la variable rolInexistente=999999 nunca se aplica al token, asi que el HTTP 200 es correcto y no prueba el escenario. El propio QA lo indica en la incidencia TC-M09-158-G83, que no deberia asignarse a Desarrollo. Reescribir el caso para forjar un JWT con rol inexistente y reejecutar. Al reejecutar, retirar esta fila: un declarado siempre gana sobre el reporte real. Revision 21-sep-2026 (QA/MJ)."
TC-M09-G048,Pendiente,"Pendiente (bloqueado por entorno): POST /configuracion/infraestructuras devuelve 500 porque la migracion 2dbb6d44046f (modulo9.tipos_area) no esta aplicada en sgpmp_test; ver TC-M09-G48/NOTA_BLOQUEO.md ('no es un bug de codigo'). Evidencia del 3 al 8-sep-2026. Reejecutar tras aplicar la migracion. Al reejecutar, retirar esta fila: un declarado siempre gana sobre el reporte real. Revision 21-sep-2026 (QA/MJ)."
TC-M09-G049,Pendiente,"Pendiente (bloqueado por entorno, mismo gap de TC-M09-G48): 2 de 4 subcasos pasan (TC-M09-97 y el rechazo de superficie <=0 de TC-M09-98); el resto da 500 por la migracion 2dbb6d44046f no aplicada. Ver TC-M09-G49-resultados.md. Reejecutar tras aplicar la migracion. Al reejecutar, retirar esta fila: un declarado siempre gana sobre el reporte real. Revision 21-sep-2026 (QA/MJ)."
TC-M09-G050,Pendiente,"Pendiente (bloqueado por entorno, mismo gap de TC-M09-G48): PATCH de edicion devuelve 500 porque falta modulo9.tipos_area en sgpmp_test. Ver TC-M09-G50-resultados.md. Reejecutar tras aplicar la migracion. Al reejecutar, retirar esta fila: un declarado siempre gana sobre el reporte real. Revision 21-sep-2026 (QA/MJ)."
TC-M09-G085,Pendiente,"Pendiente: la corrida (8-sep-2026, Cypress contra TEST) fallo con 'BLOQUEADO: la opcion Identidad Visual no esta disponible en Configuracion'. El frontend si tiene IdentidadVisualSection (src/configuration/components), asi que la causa (build desplegado sin la opcion, navegacion del spec o refresh 500) no esta confirmada; los rev1_dev del 14-sep estan vacios (0 bytes). Reejecutar y confirmar. Al reejecutar, retirar esta fila: un declarado siempre gana sobre el reporte real. Revision 21-sep-2026 (QA/MJ)."
TC-M09-G088,Pendiente,"Pendiente: la corrida (8-sep-2026, Cypress contra TEST) fallo con 'BLOQUEADO: la funcionalidad Identidad Visual no esta disponible en la interfaz actual'. El frontend si tiene IdentidadVisualSection, asi que la causa no esta confirmada; los rev1_dev del 14-sep estan vacios (0 bytes). Reejecutar y confirmar. Al reejecutar, retirar esta fila: un declarado siempre gana sobre el reporte real. Revision 21-sep-2026 (QA/MJ)."
TC-M09-G029,Rechazado,"Reevaluacion V2 (13-sep-2026, QA Juan Esteban) en RF-17/TC-M09-G29/EvaluacionV2/RESULTADOS/G29-REEVAL-V2-20260913-014534/TC-M09-G29_reevaluacion_V2.md, ambiente decisorio DEV (unico con MQTT). La V1 (5-sep, TEST) quedo BLOCKED por falta de infraestructura MQTT/Edge y de cliente MQTT; la V2 la reemplaza: TC-M09-62 y TC-M09-63 DESAPROBADOS por FUNCIONALIDAD NO IMPLEMENTADA. Los casos de uso de crear y editar umbrales (RF-17) no invocan MQTT, broker ni Nodo Edge: no hay publicacion, ACK, ni estado pendiente de sincronizacion. Al reejecutar tras implementarse, retirar esta fila: un declarado siempre gana sobre el reporte real. Declarado 21-sep-2026 (QA/MJ)."
TC-M09-G054,Pendiente,"Pendiente (bloqueado por entorno, mismo gap de TC-M09-G48): la propia QA etiqueta el caso 'Estado: BLOQUEADO' en Resultados/TC-M09-G54-resultados.md. El chequeo de concurrencia optimista de RF-20 (FA-14) no se puede verificar porque falta la migracion de modulo9.tipos_area en sgpmp_test: ambas ediciones concurrentes revientan antes, en la revalidacion de tipo_area (linea 73 de EditarInfraestructuraUseCase), asi que fecha_actualizacion nunca avanza y no hay forma de observar un 200 y un 412 reales. El pytest interno PASA (1 passed) porque solo confirma ese comportamiento bloqueado, no el escenario real de RF-20 -- por eso el escaneo automatico no lo reconoce (solo hay .md, sin formato de reporte reconocido) y cae en no_reconocido. Reescribir el test (no solo reejecutar) tras aplicar la migracion. Al reejecutar, retirar esta fila: un declarado siempre gana sobre el reporte real. Revision 22-sep-2026 (QA/MJ)."
